CityID,City,Cloudiness,Country,Date,Humidity,Lat,Lon,Max Temp,Wind Speed
0,rikitea,88,PF,1532235126,100,-23.12,-134.97,73.29,15.48
1,jamestown,0,AU,1532234995,49,-33.21,138.6,59.7,16.71
2,nikolskoye,90,RU,1532232000,94,59.7,30.79,68.0,3.18
3,puerto ayora,92,EC,1532235126,100,-0.74,-90.35,71.31,14.47
4,solnechnyy,64,RU,1532235126,68,50.72,136.64,66.45,3.4
5,opuwo,0,NA,1532235127,64,-18.06,13.84,44.13,7.2
6,cape town,0,ZA,1532232000,45,-33.93,18.42,64.4,16.11
7,tiksi,76,RU,1532235127,60,71.64,128.87,53.31,10.78
8,raja jang,75,PK,1532231700,84,31.22,74.25,86.0,6.93
9,mataura,92,NZ,1532235128,100,-46.19,168.86,42.87,14.81
10,acu,0,BR,1532232000,83,-3.35,-60.45,78.8,2.24
11,sorland,0,NO,1532235128,100,67.67,12.69,53.22,2.62
12,port moresby,40,PG,1532232000,70,-9.47,147.16,86.0,24.16
13,antofagasta,90,CL,1532232000,82,-23.65,-70.4,55.4,13.87
14,cherskiy,0,RU,1532235129,55,68.75,161.3,47.46,4.52
15,barrow,44,AR,1532235129,88,-38.31,-60.23,39.54,15.26
16,talnakh,44,RU,1532235129,56,69.49,88.39,63.66,9.1
17,grand gaube,40,MU,1532232000,68,-20.01,57.66,71.6,12.75
18,chokurdakh,0,RU,1532235129,73,70.62,147.9,50.97,10.0
19,qaanaaq,56,GL,1532235130,100,77.48,-69.36,33.6,7.09
20,gambela,48,ET,1532235130,94,8.25,34.59,67.62,4.07
21,severo-kurilsk,88,RU,1532235130,93,50.68,156.12,53.22,10.89
22,busselton,80,AU,1532235131,100,-33.64,115.35,62.13,36.84
23,luderitz,0,NA,1532235131,61,-26.65,15.16,60.24,8.43
24,ilinskiy,90,RU,1532232000,82,55.62,38.12,68.0,8.95
25,moron,80,VE,1532235131,93,10.49,-68.2,69.15,2.62
26,tuktoyaktuk,75,CA,1532232000,82,69.44,-133.03,55.4,5.82
27,cockburn town,68,TC,1532235132,100,21.46,-71.14,81.66,17.27
28,pevek,48,RU,1532235132,100,69.7,170.27,37.02,19.51
29,gravdal,92,NO,1532233200,93,59.79,5.78,57.2,2.24
30,ushuaia,20,AR,1532235132,100,-54.81,-68.31,15.51,2.73
31,le port,88,FR,1532235133,92,42.87,1.37,49.71,1.39
32,hithadhoo,76,MV,1532235133,100,-0.6,73.08,79.59,7.43
33,mitu,0,IR,1532235133,23,36.2,46.09,80.58,2.73
34,nautla,8,MX,1532235133,98,20.22,-96.78,83.64,9.78
35,kijang,75,KR,1532232000,62,35.24,129.21,89.6,8.05
36,vaini,88,IN,1532235134,99,15.34,74.49,72.66,9.33
37,butaritari,80,KI,1532235134,100,3.07,172.79,83.46,3.74
38,atuona,24,PF,1532235134,100,-9.8,-139.03,79.86,21.63
39,arraial do cabo,48,BR,1532235135,99,-22.97,-42.02,69.42,11.68
40,punta arenas,20,CL,1532232000,92,-53.16,-70.91,30.2,12.75
41,sinop,0,TR,1532231400,77,42.03,35.15,69.8,4.7
42,pak phanang,20,TH,1532232000,52,8.35,100.2,93.2,3.36
43,kodiak,1,US,1532231580,88,39.95,-94.76,69.8,8.05
44,kemise,64,ET,1532235135,93,10.72,39.87,58.62,2.28
45,tura,88,IN,1532235136,88,25.52,90.21,79.86,9.1
46,yumen,32,CN,1532235136,33,40.29,97.04,84.54,5.97
47,dhidhdhoo,88,MV,1532235136,100,6.88,73.1,77.52,16.49
48,katobu,92,ID,1532235136,90,-4.94,122.53,82.56,4.18
49,ponta delgada,40,PT,1532233800,83,37.73,-25.67,69.8,8.05
50,pala,75,IN,1532230200,88,9.71,76.68,80.6,3.74
51,nanortalik,88,GL,1532235137,100,60.14,-45.24,37.83,26.66
52,hobart,20,AU,1532232000,50,-42.88,147.33,55.4,4.7
53,barrancas,0,AR,1532232000,49,-33.1,-68.71,48.2,8.05
54,constitucion,36,MX,1532235138,82,23.99,-104.67,59.88,1.83
55,itoman,75,JP,1532232000,70,26.12,127.67,87.8,18.34
56,sokoni,0,CD,1532235138,77,-12.89,28.78,54.84,8.77
57,te anau,92,NZ,1532235138,100,-45.41,167.72,36.66,3.06
58,chuy,0,UY,1532235138,91,-33.69,-53.46,36.21,4.85
59,bathsheba,40,BB,1532232000,69,13.22,-59.52,80.6,18.34
60,crib point,0,AU,1532235139,87,-38.35,145.2,54.21,17.38
61,mayo,75,CA,1532232000,43,63.59,-135.9,71.6,2.28
62,mahebourg,40,MU,1532232000,68,-20.41,57.7,71.6,12.75
63,potrerillos,75,HN,1532235600,100,15.23,-87.96,80.6,5.82
64,port hardy,90,CA,1532232000,82,50.7,-127.42,57.2,5.82
65,kapaa,20,US,1532231760,69,22.08,-159.32,82.4,16.11
66,bredasdorp,0,ZA,1532232000,81,-34.53,20.04,53.6,2.24
67,tasiilaq,12,GL,1532231400,81,65.61,-37.64,42.8,3.36
68,jumla,88,NP,1532235141,95,29.28,82.18,46.92,1.61
69,poum,0,MK,1532233800,87,41.28,20.71,57.2,4.7
70,yellowknife,75,CA,1532232000,63,62.45,-114.38,66.2,16.11
71,kaitangata,92,NZ,1532235141,91,-46.28,169.85,43.41,20.18
72,port elizabeth,90,US,1532234040,100,39.31,-74.98,75.2,19.46
73,sinnamary,68,GF,1532235142,98,5.38,-52.96,80.04,7.99
74,kruisfontein,0,ZA,1532235142,62,-34.0,24.73,62.49,11.01
75,torbat-e jam,0,IR,1532235142,14,35.24,60.63,94.53,14.14
76,saldanha,0,PT,1532235142,91,41.42,-6.55,55.11,5.64
77,kalmunai,20,LK,1532235143,46,7.42,81.82,94.71,8.77
78,biak,56,ID,1532235143,90,-0.91,122.88,79.86,6.2
79,benguela,44,AO,1532235143,100,-12.58,13.4,66.63,3.96
80,ponta do sol,32,BR,1532235143,77,-20.63,-46.0,55.83,3.85
81,imbituba,20,BR,1532232000,93,-28.24,-48.67,55.4,3.06
82,new norfolk,20,AU,1532232000,50,-42.78,147.06,55.4,4.7
83,mount isa,0,AU,1532232000,9,-20.73,139.49,75.2,6.93
84,saskylakh,92,RU,1532235144,90,71.97,114.09,49.17,16.71
85,albany,90,US,1532231640,56,42.65,-73.75,71.6,6.93
86,bouar,48,CF,1532235145,93,5.94,15.59,67.53,2.95
87,paciran,0,ID,1532235145,41,-6.9,112.33,95.43,2.62
88,havre-saint-pierre,40,CA,1532232000,87,50.23,-63.6,60.8,4.7
89,iqaluit,20,CA,1532232000,71,63.75,-68.52,50.0,6.93
90,miles city,1,US,1532231580,73,46.41,-105.84,75.2,8.05
91,vestmannaeyjar,92,IS,1532235146,100,63.44,-20.27,48.9,11.23
92,novobelokatay,0,RU,1532235146,61,55.7,58.96,62.4,11.23
93,bambous virieux,40,MU,1532232000,68,-20.34,57.76,71.6,12.75
94,beringovskiy,80,RU,1532235147,100,63.05,179.32,49.89,7.65
95,iwaki,75,JP,1532232000,62,37.05,140.89,89.6,10.29
96,puri,20,ID,1532232000,58,-7.54,112.45,87.8,5.82
97,hamilton,90,CA,1532232000,68,43.26,-79.87,71.6,11.41
98,maningrida,0,AU,1532235148,49,-12.05,134.23,84.81,13.02
99,padang,36,ID,1532235148,100,-0.92,100.36,80.04,4.41
100,lebu,92,ET,1532235148,99,8.96,38.73,56.64,3.74
101,komsomolskiy,0,RU,1532235149,44,67.55,63.78,78.42,14.92
102,labuhan,68,ID,1532235149,76,-2.54,115.51,83.46,3.51
103,kudahuvadhoo,92,MV,1532235149,100,2.67,72.89,76.35,12.46
104,clyde river,90,CA,1532233800,100,70.47,-68.59,35.6,16.11
105,capitao poco,8,BR,1532235149,86,-1.75,-47.06,73.83,4.85
106,mecca,0,SA,1532232000,46,21.43,39.83,89.6,3.96
107,yulara,0,AU,1532232000,13,-25.24,130.99,82.4,14.99
108,east london,0,ZA,1532232000,41,-33.02,27.91,60.8,11.41
109,saint-philippe,1,CA,1532232900,60,45.36,-73.48,75.2,4.7
110,hermanus,0,ZA,1532235150,49,-34.42,19.24,54.93,5.64
111,coquimbo,75,CL,1532232000,87,-29.95,-71.34,50.0,4.7
112,lavrentiya,92,RU,1532235151,92,65.58,-170.99,44.49,11.12
113,port blair,76,IN,1532235151,95,11.67,92.75,83.73,21.52
114,mar del plata,8,AR,1532235151,91,-46.43,-67.52,35.4,15.82
115,souillac,90,FR,1532233800,93,45.6,-0.6,59.0,2.24
116,upernavik,56,GL,1532235152,96,72.79,-56.15,39.27,11.9
117,huarmey,0,PE,1532235152,89,-10.07,-78.15,51.42,2.84
118,lamar,1,US,1532231580,54,38.09,-102.62,82.4,14.99
119,nyurba,92,RU,1532235152,87,63.29,118.35,50.97,7.43
120,andros town,75,BS,1532232000,78,24.73,-77.79,82.4,2.24
121,isangel,92,VU,1532235153,100,-19.55,169.27,73.11,11.45
122,geraldton,90,CA,1532232000,77,49.72,-86.95,60.8,3.36
123,sao joao da barra,8,BR,1532235153,96,-21.64,-41.05,74.55,15.7
124,avera,40,US,1532234100,88,33.19,-82.53,78.8,6.31
125,palmar de bravo,0,MX,1532235154,75,18.84,-97.55,57.54,5.53
126,klaksvik,76,FO,1532233200,100,62.23,-6.59,50.0,11.41
127,bluff,0,AU,1532235154,20,-23.58,149.07,72.39,4.63
128,eucaliptus,92,BO,1532235154,100,-17.6,-67.51,33.51,3.06
129,sola,75,NO,1532233200,93,58.89,5.65,57.2,3.36
130,hilo,90,US,1532234460,83,19.71,-155.08,77.0,10.29
131,kavieng,68,PG,1532235155,100,-2.57,150.8,84.72,10.22
132,camacha,40,PT,1532233800,77,33.08,-16.33,69.8,11.41
133,san patricio,0,PY,1532235155,85,-26.98,-56.83,40.26,4.74
134,dikson,80,RU,1532235156,100,73.51,80.55,42.87,13.24
135,saint-pierre,24,FR,1532233800,93,48.95,4.24,59.0,4.7
136,coihaique,0,CL,1532232000,80,-45.58,-72.07,33.8,9.17
137,faanui,44,PF,1532235157,100,-16.48,-151.75,77.07,11.23
138,marsh harbour,8,BS,1532235157,100,26.54,-77.06,84.09,10.0
139,mandurah,75,AU,1532234220,72,-32.55,115.7,64.4,21.92
140,roma,20,IT,1532233200,73,41.89,12.48,73.4,4.7
141,el monte,1,US,1532231760,69,34.08,-118.04,84.2,4.7
142,hasaki,75,JP,1532232000,70,35.73,140.83,93.2,8.05
143,castro,92,CL,1532235158,100,-42.48,-73.76,34.68,4.63
144,avarua,40,CK,1532232000,83,-21.21,-159.78,77.0,2.24
145,oyama,75,JP,1532232000,49,36.31,139.8,93.2,3.36
146,cabo san lucas,5,MX,1532231400,51,22.89,-109.91,86.0,10.29
147,srednekolymsk,32,RU,1532235159,50,67.46,153.71,57.54,3.18
148,kisanga,0,CD,1532235159,79,-11.72,27.4,53.31,10.67
149,elk city,1,US,1532232900,45,35.41,-99.4,89.6,12.75
150,lengshuitan,24,CN,1532235159,69,26.41,111.6,92.55,5.97
151,shestakovo,32,RU,1532235160,75,56.49,103.96,59.43,3.4
152,vardo,90,US,1532234520,93,39.62,-77.74,62.6,10.29
153,nome,1,US,1532232900,83,30.04,-94.42,82.4,8.05
154,saint george,0,GR,1532233200,77,39.45,22.34,69.8,1.72
155,mackenzie,90,CA,1532232000,77,55.34,-123.09,60.8,2.28
156,skjervoy,68,NO,1532235161,95,70.03,20.97,53.49,7.65
157,dunda,92,IN,1532235161,100,30.62,78.32,64.56,1.83
158,khatanga,64,RU,1532235161,88,71.98,102.47,55.74,16.37
159,bela,0,PK,1532235161,55,26.23,66.31,89.49,3.62
160,yilan,75,TW,1532232660,66,24.75,121.75,91.4,9.17
161,fukue,20,JP,1532232000,66,35.03,136.69,89.6,5.82
162,ambilobe,0,MG,1532235162,50,-13.19,49.05,79.05,12.01
163,northam,0,GB,1532233200,87,51.04,-4.21,62.6,4.7
164,adamovka,64,RU,1532235162,45,51.52,59.94,67.71,20.85
165,touros,92,BR,1532235163,100,-5.2,-35.46,72.57,12.46
166,sitka,48,US,1532235163,44,37.17,-99.65,83.01,12.91
167,gizo,20,IL,1532233200,69,31.8,34.94,78.8,8.05
168,skibbereen,75,IE,1532232000,93,51.55,-9.27,60.8,6.93
169,stadtallendorf,75,DE,1532233200,82,50.83,9.02,62.6,3.36
170,moorhead,1,US,1532232900,93,46.87,-96.75,66.2,4.7
171,ilhabela,92,BR,1532235164,100,-23.78,-45.36,68.79,12.68
172,gat,0,SN,1532235164,93,14.69,-16.54,73.83,6.08
173,charyshskoye,100,RU,1532235164,58,51.4,83.56,71.85,2.39
174,sao filipe,8,CV,1532235164,100,14.9,-24.5,74.64,12.68
175,parabel,48,RU,1532235165,51,58.71,81.5,63.57,11.45
176,kavaratti,76,IN,1532235165,99,10.57,72.64,81.66,23.87
177,port alfred,0,ZA,1532235165,61,-33.59,26.89,67.26,11.01
178,grover beach,90,US,1532233980,100,35.12,-120.62,68.0,5.82
179,port augusta,40,AU,1532232300,27,-32.49,137.76,62.6,25.28
180,elizabeth city,1,US,1532233200,88,36.3,-76.22,77.0,6.42
181,shimoda,75,JP,1532232000,79,34.7,138.93,87.8,14.99
182,esperance,20,TT,1532232000,83,10.24,-61.45,78.8,4.41
183,bethel,40,US,1532231580,53,60.79,-161.76,71.6,6.93
184,zamora,0,ES,1532233800,93,41.51,-5.74,51.8,10.45
185,xichang,64,CN,1532235167,82,27.88,102.25,68.07,1.72
186,kungurtug,92,RU,1532235167,100,50.6,97.53,51.78,3.4
187,dong xoai,88,VN,1532235168,87,11.53,106.92,82.38,11.01
188,airai,76,TL,1532235168,61,-8.93,125.41,78.06,1.83
189,charters towers,0,AU,1532235168,72,-20.07,146.27,72.12,5.41
190,colombia,36,CO,1532235168,78,3.38,-74.8,68.43,2.62
191,pacific grove,90,US,1532234100,100,36.62,-121.92,62.6,3.36
192,mantua,20,IT,1532233200,88,45.16,10.79,66.2,2.24
193,koping,32,SE,1532233200,77,59.51,15.99,62.6,9.17
194,fortuna,40,ES,1532233800,83,38.18,-1.13,77.0,5.82
195,half moon bay,90,US,1532234400,93,37.46,-122.43,73.4,3.36
196,guaiba,0,BR,1532232000,93,-30.11,-51.33,46.4,4.7
197,namibe,0,AO,1532235170,98,-15.19,12.15,66.36,7.2
198,cabinda,76,AO,1532235170,100,-5.56,12.19,71.31,6.42
199,mount gambier,8,AU,1532235170,68,-37.83,140.78,56.64,11.01
200,dandong,0,CN,1532235171,59,40.12,124.37,89.31,5.86
201,mendoza,0,AR,1532232000,49,-32.89,-68.84,48.2,8.05
202,nizip,0,TR,1532233200,34,37.01,37.79,80.6,10.29
203,kazerun,36,IR,1532234934,19,29.62,51.65,96.33,2.95
204,oistins,40,BB,1532232000,69,13.07,-59.53,80.6,18.34
205,auki,68,NG,1532235171,97,12.18,6.51,69.87,7.65
206,rocha,0,UY,1532235172,77,-34.48,-54.34,31.17,5.19
207,puerto penasco,8,MX,1532235172,83,31.32,-113.53,85.89,2.95
208,swan hill,0,AU,1532235172,80,-35.34,143.56,55.29,11.68
209,osoyoos,40,CA,1532232000,40,49.03,-119.47,73.4,9.17
210,henties bay,0,NA,1532235172,53,-22.12,14.28,70.05,21.07
211,vaasa,92,FI,1532233200,88,63.1,21.62,68.0,12.75
212,zhigansk,92,RU,1532235173,51,66.77,123.37,54.03,7.43
213,codrington,0,AU,1532235173,68,-28.95,153.24,58.98,2.84
214,hofn,92,IS,1532235173,100,64.25,-15.21,50.07,2.62
215,samarai,20,PG,1532235174,99,-10.62,150.67,78.24,15.93
216,mporokoso,0,ZM,1532235174,61,-9.37,30.12,56.73,14.47
217,chicama,75,PE,1532232000,88,-7.84,-79.15,64.4,10.29
218,chemal,24,RU,1532235174,50,51.41,86.0,74.64,2.39
219,ploemeur,90,FR,1532233800,100,47.73,-3.43,59.0,1.12
220,russell,0,AR,1532232000,49,-33.01,-68.8,48.2,8.05
221,karagay,0,RU,1532235175,52,58.27,54.93,66.81,11.68
222,sudak,24,UA,1532235175,95,44.85,34.97,75.27,5.19
223,angoche,48,MZ,1532235175,98,-16.23,39.91,77.43,12.8
224,caravelas,92,BR,1532235176,100,-17.73,-39.27,74.37,3.74
225,nemuro,40,JP,1532232000,64,43.32,145.57,75.2,9.17
226,egvekinot,88,RU,1532235176,80,66.32,-179.17,51.15,4.52
227,noumea,90,NC,1532233800,64,-22.28,166.46,71.6,10.29
228,kieta,80,PG,1532235176,90,-6.22,155.63,81.93,6.08
229,salalah,75,OM,1532231400,94,17.01,54.1,77.0,6.93
230,kajaani,90,FI,1532233200,94,64.22,27.73,68.0,3.36
231,vondrozo,92,MG,1532235177,100,-22.82,47.32,60.96,7.2
232,cuamba,24,MZ,1532235177,91,-14.8,36.54,56.64,5.75
233,provideniya,100,RU,1532235178,100,64.42,-173.23,44.67,10.56
234,morristown,20,US,1532232900,100,36.21,-83.29,66.2,5.41
235,haines junction,36,CA,1532235178,42,60.75,-137.51,65.01,1.5
236,ribas do rio pardo,32,BR,1532235178,49,-20.45,-53.76,54.84,3.74
237,zabol,0,IR,1532232000,9,31.03,61.49,100.4,26.4
238,leningradskiy,92,RU,1532235179,73,69.38,178.42,45.03,2.51
239,inhambane,40,MZ,1532232000,93,-23.87,35.38,62.6,11.01
240,ilulissat,75,GL,1532231400,86,69.22,-51.1,39.2,5.82
241,chumikan,92,RU,1532235180,82,54.72,135.31,57.27,6.98
242,grenville,40,CA,1532232000,60,45.62,-74.6,75.2,4.7
243,makakilo city,1,US,1532231820,54,21.35,-158.09,82.4,9.17
244,ulaanbaatar,40,MN,1532233800,59,47.92,106.92,66.2,4.47
245,victoria,75,BN,1532233800,66,5.28,115.24,93.2,8.05
246,thompson,20,CA,1532232000,72,55.74,-97.86,62.6,3.36
247,la palma,24,CO,1532235182,100,5.36,-74.39,64.11,1.95
248,lompoc,90,US,1532234100,100,34.64,-120.46,66.2,5.82
249,vostok,92,RU,1532235182,95,46.45,135.83,72.39,2.73
250,riyadh,0,SA,1532232000,16,24.63,46.72,87.8,4.7
251,mekhe,0,SN,1532235183,100,15.11,-16.62,72.39,6.53
252,grindavik,90,IS,1532232600,100,63.84,-22.43,46.4,11.41
253,porto novo,75,BR,1532232000,88,-23.68,-45.44,62.6,2.24
254,londonderry,75,US,1532234400,93,42.87,-71.37,66.2,5.64
255,xiaoweizhai,8,CN,1532235184,71,26.23,107.51,84.27,3.51
256,longyearbyen,75,NO,1532231400,81,78.22,15.63,42.8,6.93
257,aswan,0,EG,1532232000,24,24.09,32.9,82.4,4.7
258,waiuku,76,NZ,1532233800,67,-37.25,174.73,59.0,12.75
259,yar-sale,0,RU,1532235184,56,66.83,70.83,70.86,10.0
260,goderich,100,CA,1532235180,91,43.74,-81.71,68.34,9.44
261,felanitx,20,ES,1532233800,88,39.47,3.15,69.8,4.7
262,skeldon,88,GY,1532235185,100,5.88,-57.13,80.13,7.2
263,roald,90,NO,1532233200,100,62.58,6.12,57.2,9.17
264,torbay,90,CA,1532232000,52,47.66,-52.73,64.4,10.29
265,faya,40,SA,1532232000,56,18.39,42.45,71.6,5.19
266,bani walid,0,LY,1532235186,47,31.76,14.0,75.36,6.64
267,florence,75,US,1532232900,94,34.8,-87.68,73.4,2.95
268,bani,92,PH,1532235186,100,15.89,120.27,76.35,10.11
269,leshukonskoye,0,RU,1532235187,52,64.9,45.76,74.46,6.2
270,mnogovershinnyy,20,RU,1532235187,76,53.94,139.92,62.67,2.62
271,suruc,0,TR,1532233200,32,36.98,38.42,82.4,6.93
272,beloha,8,MG,1532235187,75,-25.17,45.06,67.35,16.37
273,angoram,48,PG,1532235187,53,-4.06,144.07,91.92,1.61
274,dunedin,80,NZ,1532235184,65,-45.87,170.5,43.5,13.02
275,araouane,0,ML,1532235188,47,18.9,-3.53,77.97,8.66
276,upington,0,ZA,1532232000,47,-28.46,21.24,55.4,12.75
277,kouango,0,CF,1532235188,98,4.99,19.98,73.65,4.18
278,carauari,0,BR,1532235188,96,-4.88,-66.9,71.94,2.62
279,turukhansk,68,RU,1532235189,53,65.8,87.96,62.13,9.44
280,georgetown,0,GY,1532232000,94,6.8,-58.16,77.0,4.7
281,mina,64,PH,1532235189,93,10.93,122.57,79.23,13.8
282,duluth,1,US,1532234100,93,46.77,-92.13,64.4,5.82
283,zhiryatino,90,RU,1532232000,100,53.22,33.73,66.2,6.71
284,polaniec,0,PL,1532233800,87,50.43,21.28,60.8,1.12
285,nizhniy baskunchak,0,RU,1532235190,59,48.22,46.83,84.63,7.65
286,filadelfia,80,PY,1532235190,66,-22.35,-60.04,50.43,3.4
287,banjar,20,ID,1532235191,55,-7.37,108.54,85.44,4.97
288,rundu,0,NA,1532235191,69,-17.91,19.77,48.99,10.0
289,jati,8,PK,1532235191,51,24.35,68.27,94.44,19.73
290,flinders,0,AU,1532232000,29,-34.58,150.85,60.8,9.17
291,sayyan,20,YE,1532235192,60,15.17,44.32,69.96,3.62
292,ranong,75,TH,1532232000,83,9.96,98.62,84.2,11.41
293,forrest city,0,US,1532232900,83,35.01,-90.79,80.6,7.09
294,gidole,56,ET,1532235193,62,5.65,37.37,69.24,3.18
295,lasa,20,CY,1532233800,83,34.92,32.53,82.4,8.05
296,artvin,40,TR,1532232000,78,41.18,41.83,71.6,12.75
297,muros,75,ES,1532233800,100,42.77,-9.06,60.8,4.7
298,bukama,0,CD,1532235193,55,-9.2,25.85,63.93,6.64
299,hanzhong,64,CN,1532235194,84,33.08,107.03,80.67,3.4
300,bordighera,40,IT,1532233800,77,43.79,7.66,80.6,8.05
301,aklavik,90,CA,1532232000,52,68.22,-135.01,66.2,4.7
302,goulburn,0,AU,1532235194,70,-34.75,149.72,46.11,6.98
303,lishui,92,CN,1532235194,85,28.45,119.91,79.23,2.51
304,peruibe,92,BR,1532235195,100,-24.32,-47.0,67.53,12.57
305,ribeira grande,64,PT,1532235195,100,38.52,-28.7,72.21,16.49
306,monrovia,75,LR,1532233800,94,6.33,-10.8,75.2,6.31
307,fare,80,PF,1532235195,100,-16.7,-151.02,76.44,11.01
308,cidreira,0,BR,1532235195,90,-30.17,-50.22,39.99,1.28
309,college,1,US,1532231880,34,64.86,-147.8,80.6,3.36
310,maputo,20,MZ,1532232000,93,-25.97,32.57,57.2,2.24
311,petropavl,0,KZ,1532232000,54,54.87,69.13,59.0,15.66
312,alvaraes,12,BR,1532235032,96,-3.22,-64.8,73.83,5.08
313,nushki,0,PK,1532235196,19,29.55,66.02,98.76,4.63
314,belmonte,0,PT,1532235197,90,40.36,-7.35,56.46,5.53
315,anadyr,90,RU,1532232000,87,64.73,177.51,55.4,8.95
316,sangar,92,RU,1532235197,52,63.92,127.47,69.69,6.2
317,vysha,92,RU,1532235197,82,53.85,42.38,72.03,7.43
318,lagoa,0,PT,1532233800,68,37.14,-8.45,68.0,2.24
319,stroud,36,GB,1532233200,100,51.75,-2.22,64.4,5.82
320,margate,20,AU,1532232000,50,-43.03,147.26,55.4,4.7
321,yumbel,75,CL,1532232600,100,-37.1,-72.56,39.2,3.36
322,carnarvon,0,ZA,1532235199,72,-30.97,22.13,39.72,10.22
323,quelimane,48,MZ,1532235199,88,-17.88,36.89,64.47,5.19
324,dongobesh,68,TZ,1532235199,86,-4.07,35.37,54.21,5.41
325,dibulla,8,CO,1532235199,83,11.27,-73.31,81.66,16.71
326,itacoatiara,0,BR,1532235003,87,-3.14,-58.44,76.71,2.39
327,meulaboh,36,ID,1532235200,96,4.14,96.13,84.63,3.96
328,hobyo,0,SO,1532235200,72,5.35,48.53,78.6,19.95
329,petropavlovsk-kamchatskiy,90,RU,1532232000,93,53.05,158.65,60.8,8.95
330,bell ville,0,AR,1532235200,63,-32.63,-62.69,47.01,14.81
331,sur,0,OM,1532235200,86,22.57,59.53,88.59,3.06
332,cedar city,1,US,1532231580,68,37.68,-113.06,69.8,2.51
333,rassvet,0,MD,1532233800,88,47.2,28.43,69.8,5.64
334,mikkeli,75,FI,1532233200,94,61.69,27.27,68.0,2.24
335,elko,1,US,1532231760,32,40.83,-115.76,80.6,9.17
336,praya,40,ID,1532233800,58,-8.71,116.27,87.8,13.87
337,point pedro,24,LK,1532235202,78,9.82,80.23,88.14,20.62
338,owando,24,CG,1532235202,88,-0.49,15.91,71.67,2.06
339,agadir,0,MA,1532233800,82,30.42,-9.58,66.2,3.36
340,boddam,92,GB,1532233200,87,57.47,-1.78,59.0,3.36
341,byron bay,40,AU,1532232000,37,-28.65,153.62,68.0,10.29
342,cayenne,24,GF,1532233800,100,4.94,-52.33,73.4,5.75
343,chapais,75,CA,1532232000,68,49.78,-74.86,68.0,4.7
344,sibolga,44,ID,1532235203,66,1.74,98.78,83.55,2.73
345,acapulco,40,MX,1532231280,79,16.86,-99.88,86.0,4.7
346,havelock,40,US,1532231880,83,34.88,-76.9,80.6,13.87
347,kaspiyskiy,0,RU,1532235204,67,45.39,47.37,85.89,9.22
348,omsukchan,0,RU,1532235204,51,62.53,155.8,69.24,3.4
349,coracora,8,PE,1532235204,72,-15.02,-73.78,22.26,2.73
350,bhadra,68,IN,1532235204,100,29.1,75.17,82.56,7.2
351,laguna,92,MX,1532235204,68,27.52,-110.01,83.46,1.61
352,alofi,8,NU,1532232000,69,-19.06,-169.92,73.4,12.75
353,neiafu,40,TO,1532232000,65,-18.65,-173.98,77.0,6.93
354,tomigusuku,75,JP,1532232000,70,26.18,127.67,87.8,18.34
355,zhicheng,8,CN,1532235206,65,35.04,112.59,91.83,8.43
356,moose factory,1,CA,1532232000,76,51.26,-80.61,51.8,3.36
357,kiunga,80,PG,1532235206,80,-6.12,141.3,79.86,2.84
358,sabha,0,LY,1532235207,29,27.03,14.43,78.51,12.12
359,itabira,0,BR,1532235207,81,-19.62,-43.23,49.35,2.51
360,wilmington,90,US,1532234040,100,39.75,-75.55,73.4,23.04
361,altamont,1,CA,1532232900,100,49.4,-98.5,66.2,5.82
362,lajeado,0,BR,1532235207,85,-29.47,-51.96,35.31,2.17
363,birao,32,CF,1532235208,85,10.3,22.78,75.72,5.86
364,mahibadhoo,92,MV,1532235208,100,3.78,72.97,80.31,14.7
365,fort nelson,75,CA,1532232000,68,58.81,-122.69,64.4,10.29
366,macapa,40,BR,1532232000,100,0.05,-51.07,77.0,2.24
367,yamada,75,JP,1532232000,53,36.58,137.08,95.0,9.17
368,chernyshevskiy,92,RU,1532235209,87,63.01,112.47,44.85,6.42
369,shakawe,0,BW,1532235209,76,-18.36,21.84,47.01,6.98
370,dayong,100,PH,1532235209,100,11.74,122.04,78.6,22.08
371,san cristobal,75,EC,1532232000,81,-0.39,-78.55,53.6,14.99
372,zyryanka,48,RU,1532235210,48,65.73,150.89,61.59,3.51
373,montepuez,0,MZ,1532235210,70,-13.13,39.0,65.73,11.12
374,ishigaki,75,JP,1532232000,94,24.34,124.16,80.6,5.82
375,ewa beach,1,US,1532231820,54,21.32,-158.01,82.4,9.17
376,mao,40,DO,1532232000,88,19.55,-71.08,78.8,8.05
377,vila franca do campo,40,PT,1532233800,83,37.72,-25.43,69.8,8.05
378,itarema,24,BR,1532235211,82,-2.92,-39.92,78.6,13.47
379,plettenberg bay,0,ZA,1532235212,81,-34.05,23.37,67.44,15.48
380,broome,44,GB,1532233200,93,52.47,1.45,60.8,2.24
381,santa rosa,0,AR,1532235214,72,-36.62,-64.29,35.04,3.18
382,abu samrah,0,SY,1532235214,65,35.3,37.18,80.67,13.13
383,zambezi,0,ZM,1532235214,62,-13.55,23.12,53.49,14.81
384,yuza,75,JP,1532232000,66,39.05,139.95,87.8,17.22
385,shamary,0,RU,1532235215,46,57.34,58.22,64.65,13.69
386,pangnirtung,20,CA,1532235215,72,66.15,-65.72,46.56,8.21
387,conceicao do araguaia,0,BR,1532235215,66,-8.26,-49.26,67.44,4.18
388,troitskoye,88,RU,1532235215,77,52.98,84.68,68.97,3.62
389,rancho mirage,1,US,1532234100,67,33.76,-116.42,96.8,3.36
390,tuatapere,92,NZ,1532235216,100,-46.13,167.69,43.23,19.06
391,quatre cocos,40,MU,1532232000,68,-20.21,57.76,71.6,12.75
392,berekua,76,DM,1532235217,98,15.23,-61.32,79.14,13.02
393,divnoye,0,RU,1532235217,55,45.91,43.34,82.29,11.34
394,anchorage,1,US,1532231760,60,61.22,-149.89,75.2,11.41
395,lincoln,56,GB,1532233200,87,53.23,-0.54,62.6,5.82
396,aketi,24,CD,1532235218,88,2.74,23.78,74.55,3.18
397,netanya,20,IL,1532233200,69,32.33,34.86,80.6,8.05
398,nortelandia,68,BR,1532235218,86,-14.45,-56.8,60.33,2.84
399,kargat,92,RU,1532235218,74,55.19,80.28,61.77,12.24
400,manokwari,36,ID,1532235218,100,-0.87,134.08,83.64,3.29
401,amos,90,CA,1532232000,77,48.57,-78.12,68.0,2.39
402,paamiut,80,GL,1532235219,98,61.99,-49.67,39.9,25.1
403,vuktyl,0,RU,1532235219,40,63.86,57.31,72.84,3.51
404,kazachinskoye,88,RU,1532235219,58,57.69,93.28,65.19,6.2
405,ambon,90,FR,1532233800,93,47.55,-2.56,55.4,1.83
406,lorengau,80,PG,1532235220,99,-2.02,147.27,83.73,10.78
407,taber,20,CA,1532232000,42,49.79,-112.14,64.4,13.87
408,praia,12,BR,1532235220,83,-20.25,-43.81,46.29,2.73
409,ketchikan,1,US,1532231760,77,55.34,-131.65,64.4,9.17
410,douglas,1,US,1532231760,51,31.34,-109.55,80.6,5.82
411,murgab,0,TM,1532232000,23,37.5,61.97,93.2,13.87
412,nizhniy odes,0,RU,1532235221,58,63.64,54.86,71.04,3.62
413,rio gallegos,40,AR,1532232000,79,-51.62,-69.22,26.6,11.41
414,vetluzhskiy,0,RU,1532235221,60,58.39,45.47,71.4,8.55
415,mogadishu,75,SO,1532232000,88,2.04,45.34,77.0,16.11
416,waingapu,76,ID,1532235222,91,-9.65,120.26,78.06,7.99
417,fairlie,1,US,1532232900,32,33.31,-95.96,96.8,12.75
418,pimentel,0,BR,1532235222,87,-3.7,-45.5,71.22,2.39
419,zhifang,0,CN,1532232000,56,30.35,114.31,95.0,6.71
420,nantucket,90,US,1532234700,93,41.28,-70.1,64.4,6.93
421,myrtle grove,1,US,1532231580,94,33.31,-91.27,80.6,2.73
422,cachoeira do sul,0,BR,1532235223,80,-30.05,-52.89,34.59,4.18
423,tiarei,75,PF,1532233800,78,-17.53,-149.33,78.8,11.41
424,sao felix do xingu,0,BR,1532235224,68,-6.64,-51.99,73.38,2.62
425,norman wells,90,CA,1532232000,72,65.28,-126.83,60.8,3.36
426,ratnagiri,80,IN,1532235021,100,16.98,73.3,77.25,12.68
427,pizarro,76,CO,1532235224,100,4.95,-77.37,75.63,3.18
428,matagami,36,NG,1532235224,98,9.67,8.4,67.8,2.17
429,mercedes,24,UY,1532235225,95,-33.25,-58.03,39.72,10.11
430,starozhilovo,76,RU,1532235225,86,54.23,39.91,72.93,10.56
431,kuito,0,AO,1532235225,74,-12.38,16.94,38.28,5.75
432,guiratinga,32,BR,1532235225,71,-16.35,-53.76,62.13,0.83
433,road town,1,VG,1532231580,74,18.42,-64.62,82.4,8.05
434,ntcheu,12,MW,1532235226,91,-14.82,34.64,55.47,4.18
435,santiago de cuba,20,CU,1532231760,57,20.03,-75.83,82.4,9.17
436,oranjemund,0,ZA,1532235037,76,-28.55,16.43,65.82,17.16
437,tabuk,24,PH,1532235226,74,17.41,121.44,79.14,5.3
438,amahai,100,ID,1532235226,100,-3.31,129.0,79.23,13.35
439,shingu,75,JP,1532232000,66,33.72,135.99,87.8,4.7
440,okhotsk,0,RU,1532235227,74,59.36,143.24,67.17,5.64
441,huanren,0,CN,1532235227,58,41.26,125.37,87.6,3.18
442,macae,0,BR,1532232000,88,-22.37,-41.79,68.0,3.36
443,dano,92,BF,1532235228,97,11.14,-3.06,73.56,6.31
444,ancud,92,CL,1532235228,99,-41.87,-73.83,36.21,7.76
445,qaqortoq,75,GL,1532231400,87,60.72,-46.03,44.6,1.12
446,muroto,75,JP,1532232000,59,33.37,134.14,89.6,10.29
447,dongkan,92,CN,1532235228,96,34.0,119.83,79.86,20.85
448,kaliua,0,TZ,1532235229,53,-5.06,31.79,63.3,4.29
449,kyren,44,RU,1532235229,91,51.68,102.13,55.11,2.39
450,atbasar,0,KZ,1532235229,58,51.81,68.36,65.01,18.5
451,forbes,56,AU,1532235229,81,-33.38,148.01,49.26,4.41
452,dawlatabad,0,AF,1532235229,19,36.41,64.91,98.22,8.77
453,dera bugti,12,PK,1532235230,47,29.03,69.15,96.15,3.96
454,el jicaro,36,GT,1532235230,79,14.91,-89.89,68.07,1.72
455,maniitsoq,20,GL,1532235230,96,65.42,-52.9,39.63,4.63
456,taganak,75,PH,1532232000,55,6.08,118.3,91.4,5.82
457,inta,8,RU,1532235230,61,66.04,60.13,72.57,4.97
458,bin qirdan,8,TN,1532235231,38,33.14,11.22,81.03,11.68
459,itaituba,80,BR,1532235231,85,-4.26,-55.99,75.36,2.28
460,walvis bay,0,NA,1532235022,74,-22.95,14.51,68.25,15.59
461,berlevag,80,NO,1532235217,84,70.86,29.09,62.76,7.99
462,joshimath,88,IN,1532235232,100,30.57,79.57,39.81,1.16
463,eureka,40,US,1532234100,87,40.8,-124.16,53.6,0.6
464,atar,0,MR,1532235232,45,20.52,-13.05,76.62,3.18
465,ust-omchug,0,RU,1532235232,22,61.13,149.63,81.93,3.4
466,kahului,75,US,1532231760,69,20.89,-156.47,80.6,14.99
467,diffa,8,NE,1532235233,88,13.32,12.61,74.19,11.34
468,akhisar,0,TR,1532235233,61,38.92,27.84,80.13,4.63
469,jaguey grande,20,CU,1532231400,94,22.53,-81.13,75.2,5.82
470,tessalit,0,ML,1532235233,50,20.2,1.01,72.93,11.45
471,jinchang,92,CN,1532235233,61,38.52,102.19,72.21,4.29
472,arkhangelsk,0,RU,1532232000,64,64.54,40.54,69.8,8.95
473,maceio,0,BR,1532232000,88,-9.67,-35.74,68.0,3.36
474,husavik,32,CA,1532235234,80,50.56,-96.99,66.9,10.0
475,freetown,48,BS,1532235234,92,26.61,-78.36,84.99,14.92
476,micheweni,88,TZ,1532235235,97,-4.97,39.83,78.33,17.49
477,scarborough,44,GB,1532231400,82,54.28,-0.41,60.8,4.7
478,danville,90,US,1532233260,100,36.59,-79.4,71.6,4.7
479,kandrian,92,PG,1532235235,94,-6.21,149.55,76.89,8.21
480,ebetsu,75,JP,1532232000,69,43.11,141.54,75.2,21.92
481,la orilla,24,MX,1532235236,99,18.0,-102.23,80.13,3.62
482,snyder,1,US,1532232900,22,32.72,-100.92,89.6,9.17
483,amboasary,75,MG,1532232000,93,-25.04,46.38,64.4,4.7
484,mtinko,0,TZ,1532235236,69,-4.55,34.84,59.61,17.27
485,pandan,100,PH,1532235236,100,11.72,122.09,78.6,22.08
486,hualmay,32,PE,1532235237,96,-11.1,-77.61,53.31,2.73
487,panjakent,0,UZ,1532232000,22,39.5,67.61,87.8,4.7
488,chapleau,92,CA,1532235237,85,47.85,-83.4,62.85,6.53
489,miranda,40,CO,1532232000,73,3.25,-76.23,75.2,11.41
490,hovd,0,NO,1532233200,93,63.83,10.7,55.4,6.93
491,antsohihy,8,MG,1532235238,56,-14.88,47.99,78.24,12.01
492,puerto carreno,8,CO,1532235238,96,6.19,-67.49,67.62,2.95
493,adre,24,TD,1532235238,79,13.47,22.2,74.28,10.0
494,marsa matruh,20,EG,1532232000,94,31.35,27.25,75.2,8.05
495,inirida,92,CO,1532235239,100,3.87,-67.92,70.32,1.05
496,karratha,0,AU,1532235239,28,-20.74,116.85,80.31,10.22
497,oksovskiy,0,RU,1532235239,60,62.61,39.91,74.73,10.33
498,dingle,64,PH,1532235239,93,11.0,122.67,79.23,13.8
499,ust-kulom,0,RU,1532235240,52,61.69,53.69,72.12,4.74
500,kodino,0,RU,1532235240,60,63.72,39.64,76.26,11.79
501,saint anthony,1,US,1532231760,38,43.97,-111.68,75.2,9.17
502,hibbing,40,US,1532232900,93,47.43,-92.94,62.6,3.36
503,abilene,1,US,1532232900,28,32.45,-99.73,86.0,8.05
504,mana,0,RS,1532233800,100,43.52,20.24,66.2,1.12
505,soanierana ivongo,100,MG,1532235241,100,-16.92,49.59,70.14,10.45
506,lakes entrance,0,AU,1532235241,76,-37.88,147.99,54.21,2.17
507,nuuk,90,GL,1532231400,93,64.17,-51.74,39.2,5.82
508,buala,88,SB,1532235242,90,-8.15,159.59,81.21,13.02
509,parakai,32,NZ,1532233800,67,-36.66,174.44,59.0,12.75
510,richards bay,0,ZA,1532235242,87,-28.77,32.06,60.51,7.65
511,bilibino,64,RU,1532235242,77,68.06,166.44,57.45,5.97
512,koryazhma,0,RU,1532235242,62,61.32,47.16,71.49,9.66
513,yelnya,56,RU,1532235243,100,54.58,33.19,68.34,6.2
514,gerede,68,TR,1532235243,79,40.8,32.2,62.94,2.17
515,harper,1,US,1532232900,42,30.3,-99.24,91.4,10.0
516,shenjiamen,92,CN,1532235243,100,29.96,122.3,79.95,30.02
517,havoysund,92,NO,1532233200,77,71.0,24.66,60.8,6.93
518,ca mau,20,VN,1532235244,77,9.18,105.15,87.33,15.59
519,port-gentil,32,GA,1532235244,100,-0.72,8.78,72.57,7.76
520,kushima,75,JP,1532232000,94,31.5,131.29,86.0,3.36
521,bireun,8,ID,1532235245,97,5.2,96.7,86.43,8.21
522,lujan,44,AR,1532235245,87,-46.57,-67.67,26.58,9.55
523,kutum,76,SD,1532235245,34,14.2,24.66,80.31,9.44
524,great falls,75,US,1532231880,15,47.5,-111.29,78.8,8.05
525,bubaque,88,GW,1532235245,100,11.28,-15.83,80.94,15.48
526,osecina,0,RS,1532233800,63,44.37,19.6,66.2,3.36
527,sinjai,48,ID,1532235246,85,-5.12,120.25,79.14,4.97
528,inverness,56,GB,1532233200,87,57.48,-4.23,64.4,17.22
529,mareeba,20,AU,1532232000,51,-16.99,145.42,80.6,11.41
530,la rioja,0,AR,1532235025,84,-29.41,-66.86,38.37,1.61
531,westlock,48,CA,1532235247,76,54.15,-113.85,56.37,10.67
532,katsuura,75,JP,1532232480,66,33.93,134.5,93.2,11.41
533,khandyga,56,RU,1532235247,39,62.65,135.58,76.8,7.76
534,puerto quijarro,0,BO,1532235247,77,-19.0,-57.72,56.01,3.96
535,diego de almagro,0,CL,1532235247,85,-26.39,-70.05,44.04,1.39
536,avenal,20,US,1532231760,43,36.0,-120.13,93.2,10.29
537,prince george,40,CA,1532232000,72,53.92,-122.75,64.4,3.36
538,umm lajj,0,SA,1532235013,72,25.02,37.27,88.14,4.63
539,matara,68,PE,1532235248,100,-13.74,-72.9,36.84,1.72
540,brewster,90,US,1532234700,93,41.76,-70.08,66.2,6.93
541,labuan,75,BN,1532233800,66,5.28,115.24,93.2,8.05
542,shelburne,1,CA,1532232000,60,44.08,-80.2,69.8,8.05
543,woodward,1,US,1532232900,54,36.43,-99.39,84.2,9.17
544,dali,24,CN,1532235249,83,25.6,100.24,71.94,2.39
545,villanueva de cordoba,0,ES,1532232000,63,38.32,-4.63,64.4,3.36
546,ostrovnoy,0,RU,1532235250,51,68.05,39.51,78.6,16.04
547,galveston,90,US,1532234460,100,40.58,-86.19,69.8,6.93
548,uchiza,92,PE,1532235250,100,-8.46,-76.46,65.01,2.17
549,parfenyevo,0,RU,1532235250,67,58.48,43.41,72.93,15.26
550,bitung,20,ID,1532233800,52,1.44,125.19,93.2,6.93
551,passo de camaragibe,0,BR,1532232000,88,-9.24,-35.49,68.0,3.36
552,flin flon,92,CA,1532235251,48,54.77,-101.88,74.46,10.45
553,santa vitoria do palmar,0,BR,1532235251,91,-33.52,-53.37,36.21,4.85
554,vila velha,0,BR,1532232000,78,-3.71,-38.6,80.6,14.99
555,belaya gora,44,RU,1532235251,55,68.54,146.19,57.54,4.97
556,ulaangom,76,MN,1532235252,100,49.98,92.07,55.56,2.95
557,bereda,75,ES,1532233800,100,43.27,-7.54,62.6,3.18
558,zabid,36,YE,1532235252,64,14.2,44.5,68.7,3.62
559,rumonge,32,BI,1532235252,93,-3.97,29.44,72.75,12.46
560,omboue,48,GA,1532235252,100,-1.57,9.26,72.48,8.32
561,waldkraiburg,75,DE,1532233200,93,48.21,12.4,62.6,5.82
562,high level,75,CA,1532232000,77,58.52,-117.13,60.8,5.82
563,marzuq,80,YE,1532235253,39,14.4,46.47,81.84,6.87
